Preparation_Date,Preparation_Time,Preparation_Time_Zone,Analysis_Date,Analysis_Time,Analysis_Time_Zone,County,Lake,Station,Activity_Start_Date,Tube_Number,Dilution,Abs,Result_Value(ug/L),Result_Comments,QAQC_Qualifier,WIN_Value_Qualifier,Holding_Qualifier,MDL_PQL_Qualifier,Data_Category,Run_ID,LWID,Comments
03/04/2025,12:59:59 PM,EST,03/07/2025,11:38:00 AM,EST,,,MBLK1,,1401,1,-0.0087,-9,,,QTI,Q,TI,QAQC,TN03042025B03072025,,
03/04/2025,12:59:59 PM,EST,03/07/2025,11:38:00 AM,EST,Citrus,CIT-WIT,5,02/06/2025,1402,1,0.3755,376,,,,,,Sample,TN03042025B03072025,,
03/04/2025,12:59:59 PM,EST,03/07/2025,11:38:00 AM,EST,Citrus,CIT-WIT,6,02/06/2025,1403,1,0.8864,886,,,,,,Sample,TN03042025B03072025,,
03/04/2025,12:59:59 PM,EST,03/07/2025,11:38:00 AM,EST,Citrus,CIT-WIT,7,02/06/2025,1404,1,0.2332,233,,,,,,Sample,TN03042025B03072025,,
03/04/2025,12:59:59 PM,EST,03/07/2025,11:38:00 AM,EST,Citrus,CIT-WIT,8,02/06/2025,1405,1,0.3127,313,,,,,,Sample,TN03042025B03072025,,
03/04/2025,12:59:59 PM,EST,03/07/2025,11:38:00 AM,EST,Citrus,CIT-WIT,9,02/06/2025,1406,1,0.5082,508,,,,,,Sample,TN03042025B03072025,,
03/04/2025,12:59:59 PM,EST,03/07/2025,11:38:00 AM,EST,Citrus,CIT-WIT,10,02/06/2025,1407,1,0.3346,335,,,,,,Sample,TN03042025B03072025,,
03/04/2025,12:59:59 PM,EST,03/07/2025,11:38:00 AM,EST,Citrus,CIT-CRY,B,02/04/2025,1408,1,0.0068,7,,,TI,,TI,Sample,TN03042025B03072025,,
03/04/2025,12:59:59 PM,EST,03/07/2025,11:38:00 AM,EST,Citrus,CIT-CRY,1,02/04/2025,1409,1,0.1956,196,,,,,,Sample,TN03042025B03072025,,
03/04/2025,12:59:59 PM,EST,03/07/2025,11:38:00 AM,EST,Citrus,CIT-CRY,2,02/04/2025,1410,1,0.2096,210,,,,,,Sample,TN03042025B03072025,,
03/04/2025,12:59:59 PM,EST,03/07/2025,11:38:00 AM,EST,Citrus,CIT-CRY,3,02/04/2025,1411,1,0.1533,153,,,,,,Sample,TN03042025B03072025,,
03/04/2025,12:59:59 PM,EST,03/07/2025,11:38:00 AM,EST,Citrus,CIT-CRY,4,02/04/2025,1412,1,0.2666,267,,,,,,Sample,TN03042025B03072025,,
03/04/2025,12:59:59 PM,EST,03/07/2025,11:38:00 AM,EST,Citrus,CIT-CRY,5,02/04/2025,1413,1,0.1894,189,,,,,,Sample,TN03042025B03072025,,
03/04/2025,12:59:59 PM,EST,03/07/2025,11:38:00 AM,EST,Citrus,CIT-CRY,6,02/04/2025,1414,1,0.2482,248,,,,,,Sample,TN03042025B03072025,,
03/04/2025,12:59:59 PM,EST,03/07/2025,11:38:00 AM,EST,Citrus,CIT-CRY,7,02/04/2025,1415,1,0.2752,275,,,,,,Sample,TN03042025B03072025,,
03/04/2025,12:59:59 PM,EST,03/07/2025,11:38:00 AM,EST,Citrus,CIT-CRY,8,02/04/2025,1416,1,0.2417,242,,,,,,Sample,TN03042025B03072025,,
03/04/2025,12:59:59 PM,EST,03/07/2025,11:38:00 AM,EST,Citrus,CIT-CRY,9,02/04/2025,1417,1,0.3901,390,,,,,,Sample,TN03042025B03072025,,
03/04/2025,12:59:59 PM,EST,03/07/2025,11:38:00 AM,EST,Citrus,CIT-CRY,10,02/04/2025,1418,1,0.3328,333,,,,,,Sample,TN03042025B03072025,,
03/04/2025,12:59:59 PM,EST,03/07/2025,11:38:00 AM,EST,Citrus,CIT-HOM,B,02/05/2025,1419,1,-0.0049,-5,,,TI,,TI,Sample,TN03042025B03072025,,
03/04/2025,12:59:59 PM,EST,03/07/2025,11:38:00 AM,EST,Citrus,CIT-HOM,1,02/05/2025,1420,1,0.2773,277,,,,,,Sample,TN03042025B03072025,,
03/04/2025,12:59:59 PM,EST,03/07/2025,11:38:00 AM,EST,Citrus,CIT-HOM,2,02/05/2025,1421,1,0.2806,281,,,,,,Sample,TN03042025B03072025,,
03/04/2025,12:59:59 PM,EST,03/07/2025,11:38:00 AM,EST,Citrus,CIT-HOM,MS1,02/05/2025,1422,1,0.6004,600,,,,,,QAQC,TN03042025B03072025,,
03/04/2025,12:59:59 PM,EST,03/07/2025,11:38:00 AM,EST,Citrus,CIT-HOM,DUP1,02/05/2025,1423,1,0.6274,627,,,,,,QAQC,TN03042025B03072025,,
03/04/2025,12:59:59 PM,EST,03/07/2025,11:38:00 AM,EST,,,LFB1,,1424,1,0.2999,300,,,Q,Q,,QAQC,TN03042025B03072025,,
03/04/2025,12:59:59 PM,EST,03/07/2025,11:38:00 AM,EST,,,CCV1,,1425,1,0.46,460,,,Q,Q,,QAQC,TN03042025B03072025,,
03/04/2025,12:59:59 PM,EST,03/07/2025,11:38:00 AM,EST,,,MLBK2,,1426,1,-0.0046,-5,,,QTI,Q,TI,QAQC,TN03042025B03072025,,
03/04/2025,12:59:59 PM,EST,03/07/2025,11:38:00 AM,EST,Citrus,CIT-HOM,3,02/05/2025,1427,1,0.3502,350,,,,,,Sample,TN03042025B03072025,,
03/04/2025,12:59:59 PM,EST,03/07/2025,11:38:00 AM,EST,Citrus,CIT-HOM,4,02/05/2025,1428,1,0.3688,369,,,,,,Sample,TN03042025B03072025,,
03/04/2025,12:59:59 PM,EST,03/07/2025,11:38:00 AM,EST,Citrus,CIT-HOM,5,02/05/2025,1429,1,0.661,661,,,,,,Sample,TN03042025B03072025,,
03/04/2025,12:59:59 PM,EST,03/07/2025,11:38:00 AM,EST,Citrus,CIT-HOM,6,02/05/2025,1430,1,0.2789,279,,,,,,Sample,TN03042025B03072025,,
03/04/2025,12:59:59 PM,EST,03/07/2025,11:38:00 AM,EST,Citrus,CIT-HOM,7,02/05/2025,1431,1,0.2488,249,,,,,,Sample,TN03042025B03072025,,
03/04/2025,12:59:59 PM,EST,03/07/2025,11:38:00 AM,EST,Citrus,CIT-HOM,8,02/05/2025,1432,1,0.3241,324,,,,,,Sample,TN03042025B03072025,,
03/04/2025,12:59:59 PM,EST,03/07/2025,11:38:00 AM,EST,Citrus,CIT-HOM,9,02/05/2025,1433,1,0.2996,300,,,,,,Sample,TN03042025B03072025,,
03/04/2025,12:59:59 PM,EST,03/07/2025,11:38:00 AM,EST,Citrus,CIT-HOM,10,02/05/2025,1434,1,0.5015,502,,,,,,Sample,TN03042025B03072025,,
03/04/2025,12:59:59 PM,EST,03/07/2025,11:38:00 AM,EST,Hernando,HER-CHA,1,02/05/2025,1435,1,0.6755,676,,,,,,Sample,TN03042025B03072025,,
03/04/2025,12:59:59 PM,EST,03/07/2025,11:38:00 AM,EST,Hernando,HER-CHA,2,02/05/2025,1436,1,0.5265,527,,,,,,Sample,TN03042025B03072025,,
03/04/2025,12:59:59 PM,EST,03/07/2025,11:38:00 AM,EST,Hernando,HER-CHA,3,02/05/2025,1437,1,0.3306,331,,,,,,Sample,TN03042025B03072025,,
03/04/2025,12:59:59 PM,EST,03/07/2025,11:38:00 AM,EST,Hernando,HER-CHA,4,02/05/2025,1438,1,0.2765,277,,,,,,Sample,TN03042025B03072025,,
03/04/2025,12:59:59 PM,EST,03/07/2025,11:38:00 AM,EST,Hernando,HER-CHA,5,02/05/2025,1439,1,0.2371,237,,,,,,Sample,TN03042025B03072025,,
03/04/2025,12:59:59 PM,EST,03/07/2025,11:38:00 AM,EST,Hernando,HER-CHA,6,02/05/2025,1440,1,0.2857,286,,,,,,Sample,TN03042025B03072025,,
03/04/2025,12:59:59 PM,EST,03/07/2025,11:38:00 AM,EST,Hernando,HER-CHA,7,02/05/2025,1441,1,0.2985,299,,,,,,Sample,TN03042025B03072025,,
03/04/2025,12:59:59 PM,EST,03/07/2025,11:38:00 AM,EST,Hernando,HER-CHA,8,02/05/2025,1442,1,0.2957,296,,,,,,Sample,TN03042025B03072025,,
03/04/2025,12:59:59 PM,EST,03/07/2025,11:38:00 AM,EST,Hernando,HER-CHA,9,02/05/2025,1443,1,0.2876,288,,,,,,Sample,TN03042025B03072025,,
03/04/2025,12:59:59 PM,EST,03/07/2025,11:38:00 AM,EST,Hernando,HER-CHA,10,02/05/2025,1444,1,0.4228,423,,,,,,Sample,TN03042025B03072025,,
03/04/2025,12:59:59 PM,EST,03/07/2025,11:38:00 AM,EST,Hernando,HER-WEE,B,02/17/2025,1445,1,-0.002,-2,,,TI,,TI,Sample,TN03042025B03072025,,
03/04/2025,12:59:59 PM,EST,03/07/2025,11:38:00 AM,EST,Hernando,HER-WEE,1,02/17/2025,1446,1,0.9543,954,,,,,,Sample,TN03042025B03072025,,
03/04/2025,12:59:59 PM,EST,03/07/2025,11:38:00 AM,EST,Hernando,HER-WEE,MS2,02/17/2025,1447,1,1.2678,1268,,,,,,QAQC,TN03042025B03072025,,
03/04/2025,12:59:59 PM,EST,03/07/2025,11:38:00 AM,EST,Hernando,HER-WEE,DUP2,02/17/2025,1448,1,1.2745,1275,,,,,,QAQC,TN03042025B03072025,,
03/04/2025,12:59:59 PM,EST,03/07/2025,11:38:00 AM,EST,,,LFB2,,1449,1,0.3084,308,,,Q,Q,,QAQC,TN03042025B03072025,,
03/04/2025,12:59:59 PM,EST,03/07/2025,11:38:00 AM,EST,,,CCV2,,1450,1,0.47,470,,,Q,Q,,QAQC,TN03042025B03072025,,
03/04/2025,12:59:59 PM,EST,03/07/2025,11:38:00 AM,EST,,,MLBK3,,1451,1,-3e-04,0,,,QTI,Q,TI,QAQC,TN03042025B03072025,,
03/04/2025,12:59:59 PM,EST,03/07/2025,11:38:00 AM,EST,Hernando,HER-WEE,2,02/17/2025,1452,1,0.8412,841,,,,,,Sample,TN03042025B03072025,,
03/04/2025,12:59:59 PM,EST,03/07/2025,11:38:00 AM,EST,Hernando,HER-WEE,3,02/17/2025,1453,1,0.7985,799,,,,,,Sample,TN03042025B03072025,,
03/04/2025,12:59:59 PM,EST,03/07/2025,11:38:00 AM,EST,Hernando,HER-WEE,4,02/17/2025,1454,1,0.4297,430,,,,,,Sample,TN03042025B03072025,,
03/04/2025,12:59:59 PM,EST,03/07/2025,11:38:00 AM,EST,Hernando,HER-WEE,5,02/17/2025,1455,1,0.4907,491,,,,,,Sample,TN03042025B03072025,,
03/04/2025,12:59:59 PM,EST,03/07/2025,11:38:00 AM,EST,Hernando,HER-WEE,6,02/17/2025,1456,1,0.4547,455,,,,,,Sample,TN03042025B03072025,,
03/04/2025,12:59:59 PM,EST,03/07/2025,11:38:00 AM,EST,Hernando,HER-WEE,7,02/17/2025,1457,1,0.4624,462,,,,,,Sample,TN03042025B03072025,,
03/04/2025,12:59:59 PM,EST,03/07/2025,11:38:00 AM,EST,Hernando,HER-WEE,8,02/17/2025,1458,1,0.3589,359,,,,,,Sample,TN03042025B03072025,,
03/04/2025,12:59:59 PM,EST,03/07/2025,11:38:00 AM,EST,Hernando,HER-WEE,9,02/17/2025,1459,1,0.3225,323,,,,,,Sample,TN03042025B03072025,,
03/04/2025,12:59:59 PM,EST,03/07/2025,11:38:00 AM,EST,Hernando,HER-WEE,10,02/17/2025,1460,1,0.2169,217,,,,,,Sample,TN03042025B03072025,,
03/04/2025,12:59:59 PM,EST,03/07/2025,11:38:00 AM,EST,Pasco,PAS-ARI,1,02/11/2025,1461,1,0.38,380,,,,,,Sample,TN03042025B03072025,,
03/04/2025,12:59:59 PM,EST,03/07/2025,11:38:00 AM,EST,Pasco,PAS-ARI,2,02/11/2025,1462,1,0.2785,279,,,,,,Sample,TN03042025B03072025,,
03/04/2025,12:59:59 PM,EST,03/07/2025,11:38:00 AM,EST,Pasco,PAS-ARI,3,02/11/2025,1463,1,0.4471,447,,,,,,Sample,TN03042025B03072025,,
03/04/2025,12:59:59 PM,EST,03/07/2025,11:38:00 AM,EST,Pasco,PAS-ARI,4,02/11/2025,1464,1,0.2885,289,,,,,,Sample,TN03042025B03072025,,
03/04/2025,12:59:59 PM,EST,03/07/2025,11:38:00 AM,EST,Pasco,PAS-ARI,5,02/11/2025,1465,1,0.3644,364,,,,,,Sample,TN03042025B03072025,,
03/04/2025,12:59:59 PM,EST,03/07/2025,11:38:00 AM,EST,Pasco,PAS-ARI,6,02/11/2025,1466,1,0.2348,235,,,,,,Sample,TN03042025B03072025,,
03/04/2025,12:59:59 PM,EST,03/07/2025,11:38:00 AM,EST,Pasco,PAS-ARI,7,02/11/2025,1467,1,0.3579,358,,,,,,Sample,TN03042025B03072025,,
03/04/2025,12:59:59 PM,EST,03/07/2025,11:38:00 AM,EST,Pasco,PAS-ARI,8,02/11/2025,1468,1,0.3148,315,,,,,,Sample,TN03042025B03072025,,
03/04/2025,12:59:59 PM,EST,03/07/2025,11:38:00 AM,EST,Pasco,PAS-ARI,9,02/11/2025,1469,1,0.3031,303,,,,,,Sample,TN03042025B03072025,,
03/04/2025,12:59:59 PM,EST,03/07/2025,11:38:00 AM,EST,,,,,,,-0.0226,0,,,QTI,Q,TI,Sample,TN03042025B03072025,,
03/04/2025,12:59:59 PM,EST,03/07/2025,11:38:00 AM,EST,Pasco,PAS-ARI,10,02/11/2025,1470,1,0.2677,268,,,,,,Sample,TN03042025B03072025,,
03/04/2025,12:59:59 PM,EST,03/07/2025,11:38:00 AM,EST,Pasco,PAS-ARI,MS3,02/11/2025,1471,1,0.601,601,,,,,,QAQC,TN03042025B03072025,,
03/04/2025,12:59:59 PM,EST,03/07/2025,11:38:00 AM,EST,Pasco,PAS-ARI,DUP3,02/11/2025,1472,1,0.6133,613,,,,,,QAQC,TN03042025B03072025,,
03/04/2025,12:59:59 PM,EST,03/07/2025,11:38:00 AM,EST,,,LFB3,,1473,1,0.2929,293,,,Q,Q,,QAQC,TN03042025B03072025,,
03/04/2025,12:59:59 PM,EST,03/07/2025,11:38:00 AM,EST,,,CCV3,,1474,1,0.4544,454,,,Q,Q,,QAQC,TN03042025B03072025,,
03/04/2025,12:59:59 PM,EST,03/07/2025,11:38:00 AM,EST,,,MLBK4,,,,,0,,,QTI,Q,TI,QAQC,TN03042025B03072025,,
03/04/2025,12:59:59 PM,EST,03/07/2025,11:38:00 AM,EST,,,,,,,,0,,JJ,QTI,Q,TI,Sample,TN03042025B03072025,,
03/04/2025,12:59:59 PM,EST,03/07/2025,11:38:00 AM,EST,,,,,,,,0,,JJ,QTI,Q,TI,Sample,TN03042025B03072025,,
03/04/2025,12:59:59 PM,EST,03/07/2025,11:38:00 AM,EST,,,,,,,,0,,JJ,QTI,Q,TI,Sample,TN03042025B03072025,,
03/04/2025,12:59:59 PM,EST,03/07/2025,11:38:00 AM,EST,,,,,,,,0,,JJ,QTI,Q,TI,Sample,TN03042025B03072025,,
03/04/2025,12:59:59 PM,EST,03/07/2025,11:38:00 AM,EST,,,,,,,,0,,JJ,QTI,Q,TI,Sample,TN03042025B03072025,,
03/04/2025,12:59:59 PM,EST,03/07/2025,11:38:00 AM,EST,,,,,,,,0,,JJ,QTI,Q,TI,Sample,TN03042025B03072025,,
03/04/2025,12:59:59 PM,EST,03/07/2025,11:38:00 AM,EST,,,,,,,,0,,JJ,QTI,Q,TI,Sample,TN03042025B03072025,,
03/04/2025,12:59:59 PM,EST,03/07/2025,11:38:00 AM,EST,,,,,,,,0,,JJ,QTI,Q,TI,Sample,TN03042025B03072025,,
03/04/2025,12:59:59 PM,EST,03/07/2025,11:38:00 AM,EST,,,,,,,,0,,JJ,QTI,Q,TI,Sample,TN03042025B03072025,,
03/04/2025,12:59:59 PM,EST,03/07/2025,11:38:00 AM,EST,,,,,,,,0,,JJ,QTI,Q,TI,Sample,TN03042025B03072025,,
03/04/2025,12:59:59 PM,EST,03/07/2025,11:38:00 AM,EST,,,,,,,,0,,JJ,QTI,Q,TI,Sample,TN03042025B03072025,,
03/04/2025,12:59:59 PM,EST,03/07/2025,11:38:00 AM,EST,,,,,,,,0,,JJ,QTI,Q,TI,Sample,TN03042025B03072025,,
03/04/2025,12:59:59 PM,EST,03/07/2025,11:38:00 AM,EST,,,,,,,,0,,JJ,QTI,Q,TI,Sample,TN03042025B03072025,,
03/04/2025,12:59:59 PM,EST,03/07/2025,11:38:00 AM,EST,,,,,,,,0,,JJ,QTI,Q,TI,Sample,TN03042025B03072025,,
03/04/2025,12:59:59 PM,EST,03/07/2025,11:38:00 AM,EST,,,,,,,,0,,JJ,QTI,Q,TI,Sample,TN03042025B03072025,,
03/04/2025,12:59:59 PM,EST,03/07/2025,11:38:00 AM,EST,,,,,,,,0,,JJ,QTI,Q,TI,Sample,TN03042025B03072025,,
03/04/2025,12:59:59 PM,EST,03/07/2025,11:38:00 AM,EST,,,,,,,,0,,JJ,QTI,Q,TI,Sample,TN03042025B03072025,,
03/04/2025,12:59:59 PM,EST,03/07/2025,11:38:00 AM,EST,,,,,,,,0,,JJ,QTI,Q,TI,Sample,TN03042025B03072025,,
03/04/2025,12:59:59 PM,EST,03/07/2025,11:38:00 AM,EST,,,,,,,,0,,JJ,QTI,Q,TI,Sample,TN03042025B03072025,,
03/04/2025,12:59:59 PM,EST,03/07/2025,11:38:00 AM,EST,,,,,,,,0,,JJ,QTI,Q,TI,Sample,TN03042025B03072025,,
03/04/2025,12:59:59 PM,EST,03/07/2025,11:38:00 AM,EST,,,MS4,,,,,0,,,QTI,Q,TI,QAQC,TN03042025B03072025,,
03/04/2025,12:59:59 PM,EST,03/07/2025,11:38:00 AM,EST,,,DUP4,,,,,0,,,QTI,Q,TI,QAQC,TN03042025B03072025,,
03/04/2025,12:59:59 PM,EST,03/07/2025,11:38:00 AM,EST,,,LFB4,,,,,0,,J,QTI,Q,TI,QAQC,TN03042025B03072025,,
03/04/2025,12:59:59 PM,EST,03/07/2025,11:38:00 AM,EST,,,CCV4,,,,,0,,J,QTI,Q,TI,QAQC,TN03042025B03072025,,
03/04/2025,12:59:59 PM,EST,03/07/2025,11:38:00 AM,EST,,,MLBK5,,,,,0,,,QTI,Q,TI,QAQC,TN03042025B03072025,,
03/04/2025,12:59:59 PM,EST,03/07/2025,11:38:00 AM,EST,,,,,,,,0,,JJ,QTI,Q,TI,Sample,TN03042025B03072025,,
03/04/2025,12:59:59 PM,EST,03/07/2025,11:38:00 AM,EST,,,,,,,,0,,JJ,QTI,Q,TI,Sample,TN03042025B03072025,,
03/04/2025,12:59:59 PM,EST,03/07/2025,11:38:00 AM,EST,,,,,,,,0,,JJ,QTI,Q,TI,Sample,TN03042025B03072025,,
03/04/2025,12:59:59 PM,EST,03/07/2025,11:38:00 AM,EST,,,,,,,,0,,JJ,QTI,Q,TI,Sample,TN03042025B03072025,,
03/04/2025,12:59:59 PM,EST,03/07/2025,11:38:00 AM,EST,,,,,,,,0,,JJ,QTI,Q,TI,Sample,TN03042025B03072025,,
03/04/2025,12:59:59 PM,EST,03/07/2025,11:38:00 AM,EST,,,,,,,,0,,JJ,QTI,Q,TI,Sample,TN03042025B03072025,,
03/04/2025,12:59:59 PM,EST,03/07/2025,11:38:00 AM,EST,,,,,,,,0,,JJ,QTI,Q,TI,Sample,TN03042025B03072025,,
03/04/2025,12:59:59 PM,EST,03/07/2025,11:38:00 AM,EST,,,,,,,,0,,JJ,QTI,Q,TI,Sample,TN03042025B03072025,,
03/04/2025,12:59:59 PM,EST,03/07/2025,11:38:00 AM,EST,,,,,,,,0,,JJ,QTI,Q,TI,Sample,TN03042025B03072025,,
03/04/2025,12:59:59 PM,EST,03/07/2025,11:38:00 AM,EST,,,,,,,,0,,JJ,QTI,Q,TI,Sample,TN03042025B03072025,,
03/04/2025,12:59:59 PM,EST,03/07/2025,11:38:00 AM,EST,,,,,,,,0,,JJ,QTI,Q,TI,Sample,TN03042025B03072025,,
03/04/2025,12:59:59 PM,EST,03/07/2025,11:38:00 AM,EST,,,,,,,,0,,JJ,QTI,Q,TI,Sample,TN03042025B03072025,,
03/04/2025,12:59:59 PM,EST,03/07/2025,11:38:00 AM,EST,,,,,,,,0,,JJ,QTI,Q,TI,Sample,TN03042025B03072025,,
03/04/2025,12:59:59 PM,EST,03/07/2025,11:38:00 AM,EST,,,,,,,,0,,JJ,QTI,Q,TI,Sample,TN03042025B03072025,,
03/04/2025,12:59:59 PM,EST,03/07/2025,11:38:00 AM,EST,,,,,,,,0,,JJ,QTI,Q,TI,Sample,TN03042025B03072025,,
03/04/2025,12:59:59 PM,EST,03/07/2025,11:38:00 AM,EST,,,,,,,,0,,JJ,QTI,Q,TI,Sample,TN03042025B03072025,,
03/04/2025,12:59:59 PM,EST,03/07/2025,11:38:00 AM,EST,,,,,,,,0,,JJ,QTI,Q,TI,Sample,TN03042025B03072025,,
03/04/2025,12:59:59 PM,EST,03/07/2025,11:38:00 AM,EST,,,,,,,,0,,JJ,QTI,Q,TI,Sample,TN03042025B03072025,,
03/04/2025,12:59:59 PM,EST,03/07/2025,11:38:00 AM,EST,,,,,,,,0,,JJ,QTI,Q,TI,Sample,TN03042025B03072025,,
03/04/2025,12:59:59 PM,EST,03/07/2025,11:38:00 AM,EST,,,,,,,,0,,JJ,QTI,Q,TI,Sample,TN03042025B03072025,,
03/04/2025,12:59:59 PM,EST,03/07/2025,11:38:00 AM,EST,,,MS5,,,,,0,,,QTI,Q,TI,QAQC,TN03042025B03072025,,
03/04/2025,12:59:59 PM,EST,03/07/2025,11:38:00 AM,EST,,,DUP5,,,,,0,,,QTI,Q,TI,QAQC,TN03042025B03072025,,
03/04/2025,12:59:59 PM,EST,03/07/2025,11:38:00 AM,EST,,,LFB5,,,,,0,,J,QTI,Q,TI,QAQC,TN03042025B03072025,,
03/04/2025,12:59:59 PM,EST,03/07/2025,11:38:00 AM,EST,,,CCV5,,,,,0,,J,QTI,Q,TI,QAQC,TN03042025B03072025,,
03/06/2025,09:00:00 AM,EST,03/07/2025,11:38:00 AM,EST,,,MBLK1,,921,1,-0.0037,-4,,,QTI,Q,TI,QAQC,TN03062025A03072025,,
03/06/2025,09:00:00 AM,EST,03/07/2025,11:38:00 AM,EST,Pasco,PAS-HUD,1,02/11/2025,922,1,0.2918,292,,,,,,Sample,TN03062025A03072025,,
03/06/2025,09:00:00 AM,EST,03/07/2025,11:38:00 AM,EST,Pasco,PAS-HUD,2,02/11/2025,923,1,0.3193,319,,,,,,Sample,TN03062025A03072025,,
03/06/2025,09:00:00 AM,EST,03/07/2025,11:38:00 AM,EST,Pasco,PAS-HUD,3,02/11/2025,924,1,0.2599,260,,,,,,Sample,TN03062025A03072025,,
03/06/2025,09:00:00 AM,EST,03/07/2025,11:38:00 AM,EST,Pasco,PAS-HUD,4,02/11/2025,925,1,0.347,347,,,,,,Sample,TN03062025A03072025,,
03/06/2025,09:00:00 AM,EST,03/07/2025,11:38:00 AM,EST,Pasco,PAS-HUD,5,02/11/2025,926,1,0.3594,359,,,,,,Sample,TN03062025A03072025,,
03/06/2025,09:00:00 AM,EST,03/07/2025,11:38:00 AM,EST,Pasco,PAS-HUD,6,02/11/2025,927,1,0.2811,281,,,,,,Sample,TN03062025A03072025,,
03/06/2025,09:00:00 AM,EST,03/07/2025,11:38:00 AM,EST,Pasco,PAS-HUD,7,02/11/2025,928,1,0.3475,347,,,,,,Sample,TN03062025A03072025,,
03/06/2025,09:00:00 AM,EST,03/07/2025,11:38:00 AM,EST,Pasco,PAS-HUD,8,02/11/2025,929,1,0.2198,220,,,,,,Sample,TN03062025A03072025,,
03/06/2025,09:00:00 AM,EST,03/07/2025,11:38:00 AM,EST,Pasco,PAS-HUD,9,02/11/2025,930,1,0.3544,354,,,,,,Sample,TN03062025A03072025,,
03/06/2025,09:00:00 AM,EST,03/07/2025,11:38:00 AM,EST,Pasco,PAS-HUD,10,02/11/2025,931,1,0.336,336,,,,,,Sample,TN03062025A03072025,,
03/06/2025,09:00:00 AM,EST,03/07/2025,11:38:00 AM,EST,Pasco,PAS-PIT,B,02/11/2025,932,1,0.0023,2,,,TI,,TI,Sample,TN03062025A03072025,,
03/06/2025,09:00:00 AM,EST,03/07/2025,11:38:00 AM,EST,Pasco,PAS-PIT,1,02/10/2025,933,1,0.6326,633,,,,,,Sample,TN03062025A03072025,,
03/06/2025,09:00:00 AM,EST,03/07/2025,11:38:00 AM,EST,Pasco,PAS-PIT,2,02/10/2025,934,1,0.4694,469,,,,,,Sample,TN03062025A03072025,,
03/06/2025,09:00:00 AM,EST,03/07/2025,11:38:00 AM,EST,Pasco,PAS-PIT,3,02/11/2025,935,1,0.4063,406,,,,,,Sample,TN03062025A03072025,,
03/06/2025,09:00:00 AM,EST,03/07/2025,11:38:00 AM,EST,Pasco,PAS-PIT,4,02/10/2025,936,1,0.3269,327,,,,,,Sample,TN03062025A03072025,,
03/06/2025,09:00:00 AM,EST,03/07/2025,11:38:00 AM,EST,Pasco,PAS-PIT,5,02/10/2025,937,1,0.3183,318,,,,,,Sample,TN03062025A03072025,,
03/06/2025,09:00:00 AM,EST,03/07/2025,11:38:00 AM,EST,Pasco,PAS-PIT,6,02/11/2025,938,1,0.362,362,,,,,,Sample,TN03062025A03072025,,
03/06/2025,09:00:00 AM,EST,03/07/2025,11:38:00 AM,EST,Pasco,PAS-PIT,7,02/11/2025,939,1,0.3632,363,,,,,,Sample,TN03062025A03072025,,
03/06/2025,09:00:00 AM,EST,03/07/2025,11:38:00 AM,EST,Pasco,PAS-PIT,8,02/11/2025,940,1,0.395,395,,,,,,Sample,TN03062025A03072025,,
03/06/2025,09:00:00 AM,EST,03/07/2025,11:38:00 AM,EST,Pasco,PAS-PIT,9,02/10/2025,941,1,0.5123,512,,,,,,Sample,TN03062025A03072025,,
03/06/2025,09:00:00 AM,EST,03/07/2025,11:38:00 AM,EST,Pasco,PAS-PIT,MS1,02/10/2025,942,1,0.8245,825,,,,,,QAQC,TN03062025A03072025,,
03/06/2025,09:00:00 AM,EST,03/07/2025,11:38:00 AM,EST,Pasco,PAS-PIT,DUP1,02/10/2025,943,1,0.8389,839,,,,,,QAQC,TN03062025A03072025,,
03/06/2025,09:00:00 AM,EST,03/07/2025,11:38:00 AM,EST,,,LFB1,,944,1,0.2995,299,,,Q,Q,,QAQC,TN03062025A03072025,,
03/06/2025,09:00:00 AM,EST,03/07/2025,11:38:00 AM,EST,,,CCV1,,945,1,0.461,461,,,Q,Q,,QAQC,TN03062025A03072025,,
03/06/2025,09:00:00 AM,EST,03/07/2025,11:38:00 AM,EST,,,MLBK2,,946,1,-0.0026,-3,,,QTI,Q,TI,QAQC,TN03062025A03072025,,
03/06/2025,09:00:00 AM,EST,03/07/2025,11:38:00 AM,EST,Pasco,PAS-PIT,10,02/10/2025,947,1,0.2699,270,,,,,,Sample,TN03062025A03072025,,
03/06/2025,09:00:00 AM,EST,03/07/2025,11:38:00 AM,EST,Pasco,PAS-ANC,1,02/10/2025,948,1,0.3199,320,,,,,,Sample,TN03062025A03072025,,
03/06/2025,09:00:00 AM,EST,03/07/2025,11:38:00 AM,EST,Pasco,PAS-ANC,2,02/10/2025,949,1,0.3033,303,,,,,,Sample,TN03062025A03072025,,
03/06/2025,09:00:00 AM,EST,03/07/2025,11:38:00 AM,EST,Pasco,PAS-ANC,3,02/10/2025,950,1,0.3114,311,,,,,,Sample,TN03062025A03072025,,
03/06/2025,09:00:00 AM,EST,03/07/2025,11:38:00 AM,EST,Pasco,PAS-ANC,4,02/10/2025,951,1,0.292,292,,,,,,Sample,TN03062025A03072025,,
03/06/2025,09:00:00 AM,EST,03/07/2025,11:38:00 AM,EST,Pasco,PAS-ANC,5,02/10/2025,952,1,0.3007,301,,,,,,Sample,TN03062025A03072025,,
03/06/2025,09:00:00 AM,EST,03/07/2025,11:38:00 AM,EST,Pasco,PAS-ANC,6,02/10/2025,953,1,0.301,301,,,,,,Sample,TN03062025A03072025,,
03/06/2025,09:00:00 AM,EST,03/07/2025,11:38:00 AM,EST,Pasco,PAS-ANC,7,02/10/2025,954,1,0.2711,271,,,,,,Sample,TN03062025A03072025,,
03/06/2025,09:00:00 AM,EST,03/07/2025,11:38:00 AM,EST,Pasco,PAS-ANC,8,02/10/2025,955,1,0.27,270,,,,,,Sample,TN03062025A03072025,,
03/06/2025,09:00:00 AM,EST,03/07/2025,11:38:00 AM,EST,Pasco,PAS-ANC,9,02/10/2025,956,1,0.3227,323,,,,,,Sample,TN03062025A03072025,,
03/06/2025,09:00:00 AM,EST,03/07/2025,11:38:00 AM,EST,Pasco,PAS-ANC,10,02/10/2025,957,1,0.3703,370,,,,,,Sample,TN03062025A03072025,,
03/06/2025,09:00:00 AM,EST,03/07/2025,11:38:00 AM,EST,,Old Spring Bottom,1,02/04/2025,958,1,0.2731,273,,,,,,Sample,TN03062025A03072025,,
03/06/2025,09:00:00 AM,EST,03/07/2025,11:38:00 AM,EST,,Old Spring 10 m,1,02/05/2025,959,1,0.273,273,,,,,,Sample,TN03062025A03072025,,
03/06/2025,09:00:00 AM,EST,03/07/2025,11:38:00 AM,EST,,Old Spring 50 m,1,02/05/2025,960,1,0.2648,265,,,,,,Sample,TN03062025A03072025,,
03/06/2025,09:00:00 AM,EST,03/07/2025,11:38:00 AM,EST,,Crack Bottom,1,02/04/2025,961,1,0.3228,323,,,,,,Sample,TN03062025A03072025,,
03/06/2025,09:00:00 AM,EST,03/07/2025,11:38:00 AM,EST,,Crack 10 m,1,02/04/2025,962,1,0.3165,316,,,,,,Sample,TN03062025A03072025,,
03/06/2025,09:00:00 AM,EST,03/07/2025,11:38:00 AM,EST,,Crack 50m,1,02/04/2025,963,1,0.3475,347,,,,,,Sample,TN03062025A03072025,,
03/06/2025,09:00:00 AM,EST,03/07/2025,11:38:00 AM,EST,,Old Greg Bottom,1,02/04/2025,964,1,0.6446,645,,,,,,Sample,TN03062025A03072025,,
03/06/2025,09:00:00 AM,EST,03/07/2025,11:38:00 AM,EST,,Old Greg 10m,1,02/04/2025,965,1,0.383,383,,,,,,Sample,TN03062025A03072025,,
03/06/2025,09:00:00 AM,EST,03/07/2025,11:38:00 AM,EST,,Old Greg 50m,1,02/04/2025,966,1,0.3343,334,,,,,,Sample,TN03062025A03072025,,
03/06/2025,09:00:00 AM,EST,03/07/2025,11:38:00 AM,EST,,,MS2,02/04/2025,967,1,0.6496,650,,,,,,QAQC,TN03062025A03072025,,
03/06/2025,09:00:00 AM,EST,03/07/2025,11:38:00 AM,EST,,,DUP2,02/04/2025,968,1,0.6507,651,,,,,,QAQC,TN03062025A03072025,,
03/06/2025,09:00:00 AM,EST,03/07/2025,11:38:00 AM,EST,,,LFB2,,969,1,0.3,300,,,Q,Q,,QAQC,TN03062025A03072025,,
03/06/2025,09:00:00 AM,EST,03/07/2025,11:38:00 AM,EST,,,CCV2,,970,1,0.4672,467,,,Q,Q,,QAQC,TN03062025A03072025,,
03/06/2025,09:00:00 AM,EST,03/07/2025,11:38:00 AM,EST,,,MLBK3,,971,1,-0.0027,-3,,,QTI,Q,TI,QAQC,TN03062025A03072025,,
03/06/2025,09:00:00 AM,EST,03/07/2025,11:38:00 AM,EST,Holmes,CBA Pea River-1,1,11/15/2024,972,1,0.7018,702,,,,,,Sample,TN03062025A03072025,,
03/06/2025,09:00:00 AM,EST,03/07/2025,11:38:00 AM,EST,Holmes,CBA Pea River-1,1,12/02/2024,973,1,0.5799,580,,,,,,Sample,TN03062025A03072025,,
03/06/2025,09:00:00 AM,EST,03/07/2025,11:38:00 AM,EST,Holmes,CBA River-7,1,12/02/2024,974,1,0.8746,875,,,,,,Sample,TN03062025A03072025,,
03/06/2025,09:00:00 AM,EST,03/07/2025,11:38:00 AM,EST,Holmes,CBA River-8,1,12/02/2024,975,1,0.9404,940,,,,,,Sample,TN03062025A03072025,,
03/06/2025,09:00:00 AM,EST,03/07/2025,11:38:00 AM,EST,Holmes,CBA River-9,1,12/02/2024,976,1,1.0594,1059,,,,,,Sample,TN03062025A03072025,,
03/06/2025,09:00:00 AM,EST,03/07/2025,11:38:00 AM,EST,Okaloosa,CBA Destin-1,1,11/18/2024,977,1,0.2263,226,,,,,,Sample,TN03062025A03072025,,
03/06/2025,09:00:00 AM,EST,03/07/2025,11:38:00 AM,EST,Okaloosa,CBA Destin-2,1,11/18/2024,978,1,0.2731,273,,,,,,Sample,TN03062025A03072025,,
03/06/2025,09:00:00 AM,EST,03/07/2025,11:38:00 AM,EST,Okaloosa,CBA Destin-3,1,11/18/2024,979,1,0.1845,184,,,,,,Sample,TN03062025A03072025,,
03/06/2025,09:00:00 AM,EST,03/07/2025,11:38:00 AM,EST,Okaloosa,CBA Destin-4,1,11/18/2024,980,1,0.1508,151,,,,,,Sample,TN03062025A03072025,,
03/06/2025,09:00:00 AM,EST,03/07/2025,11:38:00 AM,EST,Okaloosa,CBA Destin-1,1,12/05/2024,981,1,0.137,137,,,,,,Sample,TN03062025A03072025,,
03/06/2025,09:00:00 AM,EST,03/07/2025,11:38:00 AM,EST,Okaloosa,CBA Destin-2,1,12/05/2024,982,1,0.2812,281,,,,,,Sample,TN03062025A03072025,,
03/06/2025,09:00:00 AM,EST,03/07/2025,11:38:00 AM,EST,Okaloosa,CBA Destin-3,1,12/05/2024,983,1,0.1315,131,,,,,,Sample,TN03062025A03072025,,
03/06/2025,09:00:00 AM,EST,03/07/2025,11:38:00 AM,EST,Okaloosa,CBA Destin-4,1,12/05/2024,984,1,0.1467,147,,,,,,Sample,TN03062025A03072025,,
03/06/2025,09:00:00 AM,EST,03/07/2025,11:38:00 AM,EST,Okaloosa,CBA Ft. Walton Beach-1,1,01/30/2025,985,1,0.242,242,,,,,,Sample,TN03062025A03072025,,
03/06/2025,09:00:00 AM,EST,03/07/2025,11:38:00 AM,EST,Okaloosa,CBA Ft. Walton Beach-2,1,01/30/2025,986,1,0.2862,286,,,,,,Sample,TN03062025A03072025,,
03/06/2025,09:00:00 AM,EST,03/07/2025,11:38:00 AM,EST,Okaloosa,CBA Ft. Walton Beach-3,1,01/30/2025,987,1,0.2459,246,,,,,,Sample,TN03062025A03072025,,
03/06/2025,09:00:00 AM,EST,03/07/2025,11:38:00 AM,EST,Okaloosa,CBA Ft. Walton Beach-4,1,01/28/2025,988,1,0.1471,147,,,,,,Sample,TN03062025A03072025,,
03/06/2025,09:00:00 AM,EST,03/07/2025,11:38:00 AM,EST,Okaloosa,CBA Ft. Walton Beach-5,1,01/28/2025,989,1,0.1795,179,,,,,,Sample,TN03062025A03072025,,
03/06/2025,09:00:00 AM,EST,03/07/2025,11:38:00 AM,EST,Okaloosa,CBA Ft. Walton Beach-6,1,01/28/2025,990,1,0.2519,252,,,,,,Sample,TN03062025A03072025,,
03/06/2025,09:00:00 AM,EST,03/07/2025,11:38:00 AM,EST,Okaloosa,CBA Ft. Walton Beach-7,DUP3,01/30/2025,993,1,0.5118,512,,,,,,QAQC,TN03062025A03072025,,
03/06/2025,09:00:00 AM,EST,03/07/2025,11:38:00 AM,EST,,,LFB3,,994,1,0.3075,307,,,Q,Q,,QAQC,TN03062025A03072025,,
03/06/2025,09:00:00 AM,EST,03/07/2025,11:38:00 AM,EST,,,CCV3,,995,1,0.4607,461,,,Q,Q,,QAQC,TN03062025A03072025,,
03/06/2025,09:00:00 AM,EST,03/07/2025,11:38:00 AM,EST,,,MLBK4,,,,,0,,,QTI,Q,TI,QAQC,TN03062025A03072025,,
03/06/2025,09:00:00 AM,EST,03/07/2025,11:38:00 AM,EST,,,,,,,,0,,JJ,QTI,Q,TI,Sample,TN03062025A03072025,,
03/06/2025,09:00:00 AM,EST,03/07/2025,11:38:00 AM,EST,,,,,,,,0,,JJ,QTI,Q,TI,Sample,TN03062025A03072025,,
03/06/2025,09:00:00 AM,EST,03/07/2025,11:38:00 AM,EST,,,,,,,,0,,JJ,QTI,Q,TI,Sample,TN03062025A03072025,,
03/06/2025,09:00:00 AM,EST,03/07/2025,11:38:00 AM,EST,,,,,,,,0,,JJ,QTI,Q,TI,Sample,TN03062025A03072025,,
03/06/2025,09:00:00 AM,EST,03/07/2025,11:38:00 AM,EST,,,,,,,,0,,JJ,QTI,Q,TI,Sample,TN03062025A03072025,,
03/06/2025,09:00:00 AM,EST,03/07/2025,11:38:00 AM,EST,,,,,,,,0,,JJ,QTI,Q,TI,Sample,TN03062025A03072025,,
03/06/2025,09:00:00 AM,EST,03/07/2025,11:38:00 AM,EST,,,,,,,,0,,JJ,QTI,Q,TI,Sample,TN03062025A03072025,,
03/06/2025,09:00:00 AM,EST,03/07/2025,11:38:00 AM,EST,,,,,,,,0,,JJ,QTI,Q,TI,Sample,TN03062025A03072025,,
03/06/2025,09:00:00 AM,EST,03/07/2025,11:38:00 AM,EST,,,,,,,,0,,JJ,QTI,Q,TI,Sample,TN03062025A03072025,,
03/06/2025,09:00:00 AM,EST,03/07/2025,11:38:00 AM,EST,,,,,,,,0,,JJ,QTI,Q,TI,Sample,TN03062025A03072025,,
03/06/2025,09:00:00 AM,EST,03/07/2025,11:38:00 AM,EST,,,,,,,,0,,JJ,QTI,Q,TI,Sample,TN03062025A03072025,,
03/06/2025,09:00:00 AM,EST,03/07/2025,11:38:00 AM,EST,,,,,,,,0,,JJ,QTI,Q,TI,Sample,TN03062025A03072025,,
03/06/2025,09:00:00 AM,EST,03/07/2025,11:38:00 AM,EST,,,,,,,,0,,JJ,QTI,Q,TI,Sample,TN03062025A03072025,,
03/06/2025,09:00:00 AM,EST,03/07/2025,11:38:00 AM,EST,,,,,,,,0,,JJ,QTI,Q,TI,Sample,TN03062025A03072025,,
03/06/2025,09:00:00 AM,EST,03/07/2025,11:38:00 AM,EST,,,,,,,,0,,JJ,QTI,Q,TI,Sample,TN03062025A03072025,,
03/06/2025,09:00:00 AM,EST,03/07/2025,11:38:00 AM,EST,,,,,,,,0,,JJ,QTI,Q,TI,Sample,TN03062025A03072025,,
03/06/2025,09:00:00 AM,EST,03/07/2025,11:38:00 AM,EST,,,,,,,,0,,JJ,QTI,Q,TI,Sample,TN03062025A03072025,,
03/06/2025,09:00:00 AM,EST,03/07/2025,11:38:00 AM,EST,,,,,,,,0,,JJ,QTI,Q,TI,Sample,TN03062025A03072025,,
03/06/2025,09:00:00 AM,EST,03/07/2025,11:38:00 AM,EST,,,,,,,,0,,JJ,QTI,Q,TI,Sample,TN03062025A03072025,,
03/06/2025,09:00:00 AM,EST,03/07/2025,11:38:00 AM,EST,,,,,,,,0,,JJ,QTI,Q,TI,Sample,TN03062025A03072025,,
03/06/2025,09:00:00 AM,EST,03/07/2025,11:38:00 AM,EST,,,MS4,,,,,0,,,QTI,Q,TI,QAQC,TN03062025A03072025,,
03/06/2025,09:00:00 AM,EST,03/07/2025,11:38:00 AM,EST,,,DUP4,,,,,0,,,QTI,Q,TI,QAQC,TN03062025A03072025,,
03/06/2025,09:00:00 AM,EST,03/07/2025,11:38:00 AM,EST,,,LFB4,,,,,0,,J,QTI,Q,TI,QAQC,TN03062025A03072025,,
03/06/2025,09:00:00 AM,EST,03/07/2025,11:38:00 AM,EST,,,CCV4,,,,,0,,J,QTI,Q,TI,QAQC,TN03062025A03072025,,
03/06/2025,09:00:00 AM,EST,03/07/2025,11:38:00 AM,EST,,,MLBK5,,,,,0,,,QTI,Q,TI,QAQC,TN03062025A03072025,,
03/06/2025,09:00:00 AM,EST,03/07/2025,11:38:00 AM,EST,,,,,,,,0,,JJ,QTI,Q,TI,Sample,TN03062025A03072025,,
03/06/2025,09:00:00 AM,EST,03/07/2025,11:38:00 AM,EST,,,,,,,,0,,JJ,QTI,Q,TI,Sample,TN03062025A03072025,,
03/06/2025,09:00:00 AM,EST,03/07/2025,11:38:00 AM,EST,,,,,,,,0,,JJ,QTI,Q,TI,Sample,TN03062025A03072025,,
03/06/2025,09:00:00 AM,EST,03/07/2025,11:38:00 AM,EST,,,,,,,,0,,JJ,QTI,Q,TI,Sample,TN03062025A03072025,,
03/06/2025,09:00:00 AM,EST,03/07/2025,11:38:00 AM,EST,,,,,,,,0,,JJ,QTI,Q,TI,Sample,TN03062025A03072025,,
03/06/2025,09:00:00 AM,EST,03/07/2025,11:38:00 AM,EST,,,,,,,,0,,JJ,QTI,Q,TI,Sample,TN03062025A03072025,,
03/06/2025,09:00:00 AM,EST,03/07/2025,11:38:00 AM,EST,,,,,,,,0,,JJ,QTI,Q,TI,Sample,TN03062025A03072025,,
03/06/2025,09:00:00 AM,EST,03/07/2025,11:38:00 AM,EST,,,,,,,,0,,JJ,QTI,Q,TI,Sample,TN03062025A03072025,,
03/06/2025,09:00:00 AM,EST,03/07/2025,11:38:00 AM,EST,,,,,,,,0,,JJ,QTI,Q,TI,Sample,TN03062025A03072025,,
03/06/2025,09:00:00 AM,EST,03/07/2025,11:38:00 AM,EST,,,,,,,,0,,JJ,QTI,Q,TI,Sample,TN03062025A03072025,,
03/06/2025,09:00:00 AM,EST,03/07/2025,11:38:00 AM,EST,,,,,,,,0,,JJ,QTI,Q,TI,Sample,TN03062025A03072025,,
03/06/2025,09:00:00 AM,EST,03/07/2025,11:38:00 AM,EST,,,,,,,,0,,JJ,QTI,Q,TI,Sample,TN03062025A03072025,,
03/06/2025,09:00:00 AM,EST,03/07/2025,11:38:00 AM,EST,,,,,,,,0,,JJ,QTI,Q,TI,Sample,TN03062025A03072025,,
03/06/2025,09:00:00 AM,EST,03/07/2025,11:38:00 AM,EST,,,,,,,,0,,JJ,QTI,Q,TI,Sample,TN03062025A03072025,,
03/06/2025,09:00:00 AM,EST,03/07/2025,11:38:00 AM,EST,,,,,,,,0,,JJ,QTI,Q,TI,Sample,TN03062025A03072025,,
03/06/2025,09:00:00 AM,EST,03/07/2025,11:38:00 AM,EST,,,,,,,,0,,JJ,QTI,Q,TI,Sample,TN03062025A03072025,,
03/06/2025,09:00:00 AM,EST,03/07/2025,11:38:00 AM,EST,,,,,,,,0,,JJ,QTI,Q,TI,Sample,TN03062025A03072025,,
03/06/2025,09:00:00 AM,EST,03/07/2025,11:38:00 AM,EST,,,,,,,,0,,JJ,QTI,Q,TI,Sample,TN03062025A03072025,,
03/06/2025,09:00:00 AM,EST,03/07/2025,11:38:00 AM,EST,,,,,,,,0,,JJ,QTI,Q,TI,Sample,TN03062025A03072025,,
03/06/2025,09:00:00 AM,EST,03/07/2025,11:38:00 AM,EST,,,,,,,,0,,JJ,QTI,Q,TI,Sample,TN03062025A03072025,,
03/06/2025,09:00:00 AM,EST,03/07/2025,11:38:00 AM,EST,,,MS5,,,,,0,,,QTI,Q,TI,QAQC,TN03062025A03072025,,
03/06/2025,09:00:00 AM,EST,03/07/2025,11:38:00 AM,EST,,,DUP5,,,,,0,,,QTI,Q,TI,QAQC,TN03062025A03072025,,
03/06/2025,09:00:00 AM,EST,03/07/2025,11:38:00 AM,EST,,,LFB5,,,,,0,,J,QTI,Q,TI,QAQC,TN03062025A03072025,,
03/06/2025,09:00:00 AM,EST,03/07/2025,11:38:00 AM,EST,,,CCV5,,,,,0,,J,QTI,Q,TI,QAQC,TN03062025A03072025,,
